word,corpus_ratio,audiencesLoveIndex,audiencesHateIndex,criticsHateIndex,criticsLoveIndex
mired,1.05857912217326e-05,2.88358516483517,3.57582898024075,9.49314139282484,8.47611036339166
substantial,1.32322390271658e-05,2.30686813186813,2.8606631841926,7.59451311425987,6.78088829071332
curiosity,1.58786868325989e-05,1.92239010989011,2.38388598682716,6.3287609285499,11.3014804845222
destination,1.58786868325989e-05,1.92239010989011,2.38388598682716,6.3287609285499,5.6507402422611
smith,7.93934341629947e-05,3.84478021978022,0.476777197365433,6.32876092854989,2.26029609690444
dull,0.000177312002964022,1.37723470559291,0.853929308714208,6.23430181021333,1.51810931881642
werent,3.4403821470631e-05,0.887256973795435,2.20051014168661,5.84193316481529,2.60803395796666
deserve,5.55754039140963e-05,1.09850863422292,1.36222056390124,5.42465222447134,1.6144972120746
toll,1.85251346380321e-05,1.64776295133438,2.04333084585185,5.42465222447134,4.8434916362238
waste,9.52721209955937e-05,1.92239010989011,1.19194299341358,5.27396744045825,1.8835800807537
book,0.000195837137602054,2.33804202554203,0.773152211943945,5.13142777990532,0.916336255501801
embrace,2.11715824434653e-05,1.44179258241758,1.78791449012037,4.74657069641242,4.23805518169583
exercise,6.61611951358289e-05,0.461373626373626,0.572132636838519,4.55670786855592,2.71235531628533
saving,4.49896126923637e-05,2.71396250808016,1.68274304952506,4.46736065544698,1.99437890903333
unlike,4.49896126923637e-05,1.35698125404008,0.841371524762528,4.46736065544698,3.98875781806666
mr,6.88076429412621e-05,0.443628486897718,0.550127535421653,4.38144987361147,2.60803395796666
fails,0.000190544241991187,1.60199175824176,0.397314331137861,4.2191739523666,1.8835800807537
bill,4.76360604977968e-05,0.640796703296703,1.58925732455144,4.2191739523666,1.8835800807537
hallmark,4.76360604977968e-05,1.28159340659341,0.794628662275721,4.2191739523666,1.8835800807537
behavior,4.76360604977968e-05,1.28159340659341,0.794628662275721,4.2191739523666,5.6507402422611
postapocalyptic,2.38180302488984e-05,1.28159340659341,4.76777197365433,4.2191739523666,3.7671601615074
hungry,2.38180302488984e-05,1.28159340659341,1.58925732455144,4.2191739523666,3.7671601615074
asked,2.38180302488984e-05,1.28159340659341,1.58925732455144,4.2191739523666,3.7671601615074
entertainment,0.00015084752490969,0.809427414690573,0.501870734068876,3.99711216539993,0.594814762343274
title,0.000209069376629219,0.730021560717763,0.362109263821848,3.84532309582778,0.858340289963712
genres,5.29289561086631e-05,2.30686813186813,0.715165796048149,3.79725655712994,3.39044414535666
toxic,2.64644780543316e-05,1.15343406593407,1.4303315920963,3.79725655712994,6.78088829071332
frozen,2.64644780543316e-05,2.30686813186813,1.4303315920963,3.79725655712994,3.39044414535666
muddled,2.64644780543316e-05,3.4603021978022,1.4303315920963,3.79725655712994,3.39044414535666
space,0.000190544241991187,2.24278846153846,0.794628662275721,3.69177720832077,0.470895020188425
hasnt,8.20398819684279e-05,0.744151010280043,0.922794575545999,3.67476441012575,2.18738331958494
creative,8.20398819684279e-05,0.744151010280043,0.461397287772999,3.67476441012575,2.18738331958494
effort,0.00019319068979662,0.948027999397862,0.195935834533739,3.64120491779583,0.464444403473515
\n,0.00705013695367393,0.0909238565488566,0.112751364241825,3.60625341198902,3.06718107744353
reasons,8.4686329773861e-05,0.360448145604396,0.446978622530093,3.55992802230932,1.05951379542396
barely,8.4686329773861e-05,1.08134443681319,0.446978622530093,3.55992802230932,1.05951379542396
talented,0.000116443703439059,0.786432317682318,0.975226085520203,3.45205141557267,0.77055548758106
cheesy,8.73327775792942e-05,2.09715284715285,0.433433815786757,3.45205141557267,2.05481463354949
lovers,8.73327775792942e-05,0.349525474525475,3.0340367105073,3.45205141557267,3.08222195032424
disappointment,5.82218517195295e-05,1.04857642357642,0.650150723680135,3.45205141557267,3.08222195032424
value,5.82218517195295e-05,1.57286463536464,0.650150723680135,3.45205141557267,1.54111097516212
flashbacks,5.82218517195295e-05,1.57286463536464,1.30030144736027,3.45205141557267,1.54111097516212
creating,5.82218517195295e-05,1.57286463536464,1.30030144736027,3.45205141557267,3.08222195032424
dressed,2.91109258597647e-05,2.09715284715285,1.30030144736027,3.45205141557267,3.08222195032424
page,2.91109258597647e-05,1.04857642357642,1.30030144736027,3.45205141557267,6.16444390064848
slog,2.91109258597647e-05,1.04857642357642,1.30030144736027,3.45205141557267,6.16444390064848
hardly,8.99792253847273e-05,1.6962265675501,0.420685762381264,3.35052049158524,1.99437890903333
arent,0.000153493972715123,0.994339712012126,0.986435580756068,3.27349703200857,1.75367800621896
flawed,6.35147473303958e-05,0.480597527472527,0.595971496706791,3.16438046427495,1.41268506056528
ended,6.35147473303958e-05,1.92239010989011,1.78791449012037,3.16438046427495,1.41268506056528
focused,3.17573736651979e-05,0.961195054945055,1.19194299341358,3.16438046427495,2.82537012113055
regarding,3.17573736651979e-05,0.961195054945055,2.38388598682716,3.16438046427495,2.82537012113055
raise,3.17573736651979e-05,1.92239010989011,1.19194299341358,3.16438046427495,2.82537012113055
gary,3.17573736651979e-05,1.92239010989011,2.38388598682716,3.16438046427495,2.82537012113055
perhaps,0.000222301615656385,0.82388147566719,1.02166542292593,3.16438046427495,0.40362430301865
worse,0.000161433316131423,1.8908755179247,0.703441766604737,3.11250537469667,0.55581051563224
central,9.79185688010268e-05,0.311738936738937,0.386576105971972,3.07885666794319,2.7490087665054
career,0.000164079763936856,0.186037752570011,0.692095931659499,3.06230367510479,1.09369165979247
add,0.000132322390271658,1.38412087912088,1.71639791051556,3.03780524570395,0.678088829071332
results,6.61611951358289e-05,0.922747252747253,1.14426527367704,3.03780524570395,4.06853297442799
terrible,0.000166726211742289,2.56318681318681,1.81629408520165,3.01369568026185,0.5381657373582
particularly,0.000166726211742289,0.366169544740973,1.13518380325103,3.01369568026185,1.6144972120746
unfortunately,0.00020113003321292,0.455302920763447,1.12920915165497,2.99783412404995,1.33833321527237
finds,0.00020113003321292,0.151767640254482,1.12920915165497,2.99783412404995,0.892222143514911
except,0.000134968838077091,0.452327084680026,1.68274304952506,2.97824043696466,0.664792969677777
bad,0.000711894459661519,1.50075064340864,1.22296009733141,2.96440102972969,1.13434934231264
"""\n",0.0054993185396901,0.177622185321897,0.137664253329769,2.92377790731853,2.77370310255357
among,0.000103211464411893,0.295752324598478,1.83375845140551,2.92096658240764,0.869344652655554
doubt,0.000103211464411893,0.887256973795435,0.733503380562204,2.92096658240764,2.60803395796666
cold,6.88076429412621e-05,1.33088546069315,0.550127535421653,2.92096658240764,2.60803395796666
four,6.88076429412621e-05,1.33088546069315,2.75063767710827,2.92096658240764,6.52008489491666
gorgeous,6.88076429412621e-05,0.887256973795435,1.10025507084331,2.92096658240764,1.30401697898333
heavyhanded,3.4403821470631e-05,0.887256973795435,1.10025507084331,2.92096658240764,7.82410187389999
"""a",3.4403821470631e-05,0.887256973795435,1.10025507084331,2.92096658240764,2.60803395796666
worst,0.000209069376629219,2.7740819307275,0.724218527643695,2.88399232187084,0.858340289963712
romantic,0.000209069376629219,1.02203018500487,1.44843705528739,2.88399232187084,0.858340289963712
attempt,0.000174665555158588,1.57286463536464,1.73373526314703,2.87670951297722,1.54111097516212
message,0.000179958450769455,0.508867970265029,0.420685762381264,2.79210040965437,1.99437890903333
loss,0.000108504360022759,3.37590458322166,0.348861363925926,2.77848040765605,1.65387519285691
animation,0.000108504360022759,0.562650763870276,1.04658409177778,2.77848040765605,0.826937596428454
writing,0.000108504360022759,1.12530152774055,1.39544545570371,2.77848040765605,0.826937596428454
sit,7.41005385521284e-05,0.411940737833595,2.04333084585185,2.71232611223567,2.4217458181119
soldier,3.70502692760642e-05,0.82388147566719,3.06499626877778,2.71232611223567,2.4217458181119
goal,3.70502692760642e-05,0.82388147566719,1.02166542292593,2.71232611223567,2.4217458181119
sequel,0.000264644780543316,1.15343406593407,0.429099477628889,2.65807958999096,2.034266487214
taken,0.00019319068979662,0.474013999698931,1.17561500720244,2.60086065556845,0.928888806947031
emotions,0.000116443703439059,0.524288211788212,1.62537680920034,2.5890385616795,3.8527774379053
lacks,0.000156140420520556,0.781989197243435,0.969716333624609,2.57441122517284,1.1493031001209
falls,0.000156140420520556,0.977486496554293,0.969716333624609,2.57441122517284,0.574651550060451
"""the",0.000235533854683551,0.129599333251019,0.964268489053684,2.55994824076176,3.80948780377153
cheap,0.000119090151244492,0.256318681318681,1.27140585964115,2.53150437141996,0.75343203230148
spirit,7.93934341629947e-05,0.384478021978022,2.38388598682716,2.53150437141996,1.13014804845222
lesson,3.96967170814974e-05,0.768956043956044,1.90710878946173,2.53150437141996,2.26029609690444
low,0.000121736599049925,1.00298614429049,0.621883300911434,2.47647166769344,0.737053075077535
attempts,0.000121736599049925,2.50746536072623,1.55470825227858,2.47647166769344,0.737053075077535
drama,0.000529289561086631,0.634388736263736,0.357582898024075,2.46821676213446,3.051399730821
try,0.000203776481018353,2.09715284715285,1.11454409773738,2.46575101112334,0.440317421474891
couple,0.000164079763936856,1.30226426799007,2.5376850827515,2.44984294008383,0.546845829896236
80s,8.20398819684279e-05,0.744151010280043,0.922794575545999,2.44984294008383,1.09369165979247
remains,8.20398819684279e-05,0.372075505140021,1.384191863319,2.44984294008383,5.46845829896236
struggling,8.20398819684279e-05,0.372075505140021,3.229781014411,2.44984294008383,1.09369165979247
close,0.000169372659547722,1.08134443681319,1.11744655632523,2.37328534820621,0.529756897711979
depth,0.000127029494660792,0.240298763736264,0.297985748353395,2.37328534820621,0.706342530282638
stuck,8.4686329773861e-05,1.44179258241758,0.893957245060186,2.37328534820621,1.05951379542396
starting,8.4686329773861e-05,1.08134443681319,0.893957245060186,2.37328534820621,1.05951379542396
weak,8.4686329773861e-05,0.360448145604396,0.893957245060186,2.37328534820621,1.05951379542396
intelligent,4.23431648869305e-05,0.720896291208791,0.893957245060186,2.37328534820621,2.11902759084791
notion,4.23431648869305e-05,1.44179258241758,0.893957245060186,2.37328534820621,2.11902759084791
total,4.23431648869305e-05,1.44179258241758,0.893957245060186,2.37328534820621,2.11902759084791
difference,4.23431648869305e-05,0.720896291208791,4.46978622530093,2.37328534820621,2.11902759084791
devoted,4.23431648869305e-05,2.16268887362637,0.893957245060186,2.37328534820621,2.11902759084791
full,0.000812459476267979,0.37571142212836,0.605677872874654,2.35009363470582,2.76094800110477
mostly,0.000214362272240086,0.56959706959707,0.529752441517147,2.34398552909255,1.2557200538358
audiences,0.000214362272240086,0.56959706959707,1.41267317737906,2.34398552909255,2.5114401076716
whose,0.000172019107353155,0.887256973795435,1.10025507084331,2.33677326592611,1.56482037478
looks,0.00030169504981938,1.51767640254482,0.501870734068876,2.33164876314996,0.297407381171637
johnson,0.000129675942466225,1.88315765866786,6.42189694410583,2.32485095334486,2.0757821298102
review,0.000780702102602781,0.430094058483889,0.727287250218457,2.31697010265555,2.2986062002418
chemistry,0.000174665555158588,1.3981018981019,0.433433815786757,2.30136761038178,1.02740731677475
until,0.000264644780543316,1.26877747252747,1.28729843288667,2.27835393427796,2.71235531628533
leaves,0.000132322390271658,1.84549450549451,0.572132636838519,2.27835393427796,3.39044414535666
ridiculous,0.000132322390271658,1.84549450549451,0.858198955257779,2.27835393427796,1.35617765814266
deserves,0.000177312002964022,0.516463014597343,0.640446981535656,2.26701884007757,0.506036439605472
michael,0.000177312002964022,1.89369772019026,0.426964654357104,2.26701884007757,1.51810931881642
franchise,0.000447249679118204,2.11576662981988,1.01562006539382,2.2468973710828,1.2037079806
leave,0.000179958450769455,0.339245313510019,0.631028643571896,2.23368032772349,1.495784181775
history,0.000179958450769455,0.848113283775048,0.841371524762528,2.23368032772349,0.498594727258333
truth,8.99792253847273e-05,0.339245313510019,1.26205728714379,2.23368032772349,6.98032618161666
remake,8.99792253847273e-05,1.35698125404008,0.420685762381264,2.23368032772349,0.997189454516665
narrative,0.000269937676154182,0.791572398190045,1.12182869968337,2.23368032772349,1.99437890903333
light,0.000227594511267252,0.402360720674674,4.32425830168648,2.20770730065694,1.57695076528217
engaging,0.000137615285882524,0.443628486897718,0.275063767710827,2.19072493680573,1.30401697898333
couldnt,0.000137615285882524,0.887256973795435,1.37531883855413,2.19072493680573,0.652008489491666
youve,0.000137615285882524,0.221814243448859,1.37531883855413,2.19072493680573,0.652008489491666
chapter,9.26256731901605e-05,0.329552590266876,1.63466467668148,2.16986088978854,1.93739665448952
themes,0.000140261733687957,0.435258138088327,1.61924331180713,2.14939050403581,0.639706442520125
often,0.000378442036176941,0.96791669868593,0.700162317809377,2.1243393326601,0.711281988536363
pull,9.52721209955937e-05,0.320398351648352,0.794628662275721,2.1095869761833,1.8835800807537
fable,4.76360604977968e-05,0.640796703296703,0.794628662275721,2.1095869761833,15.0686406460296
train,4.76360604977968e-05,1.92239010989011,1.58925732455144,2.1095869761833,1.8835800807537
ultimate,4.76360604977968e-05,1.92239010989011,0.794628662275721,2.1095869761833,1.8835800807537
last,0.000526643113281198,0.985345684466287,1.65314706624195,2.09898603660449,1.53336669890502
viewers,0.00019319068979662,0.474013999698931,0.391871669067479,2.08068852445476,1.85777761389406
easy,0.00019319068979662,0.632018666265242,0.979679172668697,2.08068852445476,0.464444403473515
adaptation,0.000148201077104257,0.411940737833595,2.29874720158334,2.03424458417675,1.81630936358393
gives,0.000299048602013947,0.40829524457843,0.50631206799869,2.01624241971501,1.80023582939292
ones,0.00020113003321292,0.455302920763447,0.564604575827486,1.99855608269997,0.446111071757456
levels,5.028250830323e-05,0.607070561017929,0.752806101103315,1.99855608269997,1.78444428702982
thriller,0.000457835470339936,0.333362446801753,0.496068760264612,1.97545138810228,3.13567088587899
subject,0.000203776481018353,0.149796631939489,0.185757349622896,1.97260080889867,0.880634842949782
approach,0.000153493972715123,0.596603827207276,0.739826685567051,1.96409821920514,2.33823734162528
script,0.000359916901538909,0.932924612152553,0.631028643571896,1.95447028675806,0.997189454516665
use,0.000206422928823786,0.739380811496196,0.733503380562204,1.94731105493843,0.869344652655554
odd,0.000103211464411893,1.18300929839391,1.10025507084331,1.94731105493843,2.60803395796666
stuff,0.000156140420520556,1.36848109517601,0.727287250218457,1.93080841887963,0.574651550060451
final,0.000365209797149776,1.08656832298137,0.829177734548578,1.92614463042823,1.47410615015507
sometimes,0.000209069376629219,0.292008624287105,1.08632779146554,1.92266154791389,0.858340289963712
lost,0.000264644780543316,0.461373626373626,1.28729843288667,1.89862827856497,0.678088829071332
theyre,0.000264644780543316,0.34603021978022,1.14426527367704,1.89862827856497,2.034266487214
opportunity,0.000105857912217326,0.576717032967033,2.14549738814445,1.89862827856497,1.69522207267833
admire,5.29289561086631e-05,0.576717032967033,0.715165796048149,1.89862827856497,1.69522207267833
payoff,5.29289561086631e-05,0.576717032967033,0.715165796048149,1.89862827856497,1.69522207267833
speed,5.29289561086631e-05,0.576717032967033,1.4303315920963,1.89862827856497,1.69522207267833
cares,5.29289561086631e-05,0.576717032967033,0.715165796048149,1.89862827856497,1.69522207267833
shouldnt,5.29289561086631e-05,1.15343406593407,2.14549738814445,1.89862827856497,1.69522207267833
animated,0.000161433316131423,0.945437758962349,0.703441766604737,1.867503224818,2.22324206252896
begins,0.000108504360022759,1.12530152774055,0.697722727851853,1.8523202717707,1.65387519285691
forced,0.000108504360022759,0.843976145805414,1.04658409177778,1.8523202717707,0.826937596428454
boy,0.000164079763936856,1.48830202056009,0.461397287772999,1.83738220506287,0.546845829896236
cast,0.000658965503552856,0.833807758506554,0.402101250790124,1.83000316006262,0.816974492857027
young,0.00044460323131277,1.16716542386185,0.510832711462964,1.80821740815711,0.40362430301865
compelling,0.000222301615656385,0.137313579277865,1.19194299341358,1.80821740815711,3.2289944241492
rarely,0.000111150807828193,1.09850863422292,1.70277570487655,1.80821740815711,1.6144972120746
setup,0.000111150807828193,1.09850863422292,1.36222056390124,1.80821740815711,1.6144972120746
common,0.000111150807828193,1.09850863422292,1.02166542292593,1.80821740815711,1.6144972120746
brought,0.000111150807828193,0.54925431711146,2.38388598682716,1.80821740815711,1.6144972120746
straightforward,5.55754039140963e-05,0.54925431711146,1.36222056390124,1.80821740815711,3.2289944241492
needs,0.000227594511267252,1.47532264247381,0.332635253975883,1.76616584052555,0.788475382641084
serves,0.000113797255633626,0.804721441349348,0.665270507951766,1.76616584052555,0.788475382641084
offer,0.000113797255633626,1.6094428826987,0.332635253975883,1.76616584052555,2.36542614792325
otherwise,0.000113797255633626,0.804721441349348,0.99790576192765,1.76616584052555,1.57695076528217
tone,0.000285816362986781,0.640796703296703,1.19194299341358,1.75798914681942,1.56965006729475
dramatic,0.000172019107353155,1.24215976331361,0.660153042505984,1.75257994944459,4.17285433274666
entirely,0.000172019107353155,1.06470836855452,1.10025507084331,1.75257994944459,1.56482037478
similar,0.000116443703439059,0.786432317682318,1.30030144736027,1.72602570778634,0.77055548758106
none,0.000116443703439059,1.83500874125874,1.62537680920034,1.72602570778634,1.54111097516212
chase,5.82218517195295e-05,0.524288211788212,1.30030144736027,1.72602570778634,1.54111097516212
dialogue,0.000291109258597647,1.15343406593407,0.650150723680135,1.72602570778633,0.616444390064848
its,0.00763500191867466,0.615697906945741,0.718884162405419,1.72423088036056,1.63352421561378
than,0.00215685496142802,0.721780826535428,0.754653478038538,1.723907884832,1.41441841646781
predictable,0.000235533854683551,1.55519199901222,0.321422829684561,1.70663216050784,1.14284634113146
between,0.000767469863575616,1.0738868889731,1.13440091786948,1.70221845664445,0.818383069568849
else,0.000354624005928043,0.860771690995571,1.17415279948204,1.70026413005818,0.759054659408208
nor,0.000119090151244492,0.512637362637363,1.58925732455144,1.68766958094664,1.50686406460296
least,0.000479007052783401,1.14706150203388,1.10633382814078,1.67834543961544,0.561952068291159
can\t,0.000179958450769455,1.35698125404008,1.89308593071569,1.67526024579262,0.997189454516665
thats,0.000841570402127744,0.435258138088327,1.88911719710832,1.67174816980563,1.27941288504025
too,0.00151112169690233,0.888810838898405,0.951884422060584,1.66254665373465,0.771904971797489
blood,0.000121736599049925,0.250746536072623,0.310941650455717,1.65098111179562,1.47410615015507
likeable,6.08682995249626e-05,1.00298614429049,1.24376660182287,1.65098111179562,1.47410615015507
movies,0.000860095536765776,1.20666948436179,0.572132636838519,1.63574128614828,0.938892224867999
hard,0.000492239291810567,0.682138426090039,0.845895027583832,1.63322862672255,0.729127773194981
rather,0.000431370992285605,1.20296804422571,0.526502426538515,1.63072367484108,1.45601895812863
running,0.000185251346380321,1.48298665620094,0.612999253755556,1.6273956673414,0.968698327244761
hit,0.000185251346380321,0.82388147566719,1.22599850751111,1.6273956673414,1.93739665448952
wrong,0.000248766093710717,0.613528758475567,1.82595522395272,1.61585385409785,0.360685547378368
cut,0.000124383046855358,0.245411503390227,2.73893283592908,1.61585385409785,2.88548437902695
known,0.000124383046855358,0.245411503390227,0.304325870658787,1.61585385409785,0.721371094756737
john,0.000187897794185754,0.812277511221173,0.60436546144914,1.6044746016042,0.955054688832863
storytelling,0.000187897794185754,0.487366506732704,0.40291030763276,1.6044746016042,0.477527344416431
both,0.000627208129887658,0.730021560717763,1.62949168719831,1.60221795659491,1.14445371995162
kind,0.000441956783507337,1.03601862209647,0.599540188303837,1.59166442514428,2.84228850508942
locations,6.35147473303958e-05,0.961195054945055,0.595971496706791,1.58219023213747,2.82537012113055
effective,0.000190544241991187,0.160199175824176,1.39060015898251,1.58219023213747,1.41268506056528
turns,0.000256705437127016,1.18910728446811,0.884741190987401,1.5658789926309,1.04859097279072
man,0.000706601564050653,0.777595999506112,1.39283226196643,1.56441281379885,0.507931707169537
never,0.00109298294364389,1.03334286778597,1.10824723842812,1.56303538671208,1.06721002154084
actors,0.000582218517195295,1.52043581418581,0.650150723680135,1.5534231370077,1.2328887801297
less,0.000389027827398674,0.863113926889437,0.973014688500883,1.54990063556324,1.6144972120746
proves,0.000129675942466225,0.706184122000449,0.291904406550265,1.54990063556324,3.459636883017
hours,0.000195837137602054,1.24695574695575,0.966440264929931,1.5394283339716,0.4581681277509
almost,0.000460481918145369,0.994339712012126,0.575420755441039,1.52763194827066,1.16911867081264
gets,0.000592804308417027,0.978359252354788,0.893957245060186,1.52568343813256,1.05951379542396
humour,0.000132322390271658,1.15343406593407,0.572132636838519,1.51890262285197,0.678088829071332
date,6.61611951358289e-05,1.38412087912088,1.71639791051556,1.51890262285197,2.71235531628533
struggle,6.61611951358289e-05,0.461373626373626,1.71639791051556,1.51890262285197,1.35617765814266
entry,6.61611951358289e-05,0.922747252747253,1.14426527367704,1.51890262285197,2.71235531628533
song,6.61611951358289e-05,1.38412087912088,0.572132636838519,1.51890262285197,1.35617765814266
job,0.000330805975679145,1.1072967032967,0.800985691573927,1.51890262285197,0.271235531628533
your,0.00100035727045373,1.09850863422292,0.681110281950618,1.50684784013093,0.896942895597
dark,0.000468421261561669,1.17298379586515,0.808096944687174,1.50173988135082,1.91550516686817
recommend,0.000269937676154182,1.01773594053006,1.40228587460421,1.48912021848233,0.997189454516665
stupid,0.000134968838077091,2.26163542340013,0.280457174920843,1.48912021848233,0.664792969677777
feature,0.000272584123959615,0.335951669689534,0.833202869182309,1.47466274063299,3.62086267950711
emotional,0.000341391766900877,0.715307947866087,0.443513671967844,1.47180486710463,0.525650255094056
bring,0.000206422928823786,0.739380811496196,0.916879225702755,1.46048329120382,1.30401697898333
questions,0.000137615285882524,1.33088546069315,0.82519130313248,1.46048329120382,1.30401697898333
clever,0.000137615285882524,1.55269970414201,0.275063767710827,1.46048329120382,3.26004244745833
gone,0.000137615285882524,0.665442730346577,1.10025507084331,1.46048329120382,1.30401697898333
whatever,0.000137615285882524,1.77451394759087,0.550127535421653,1.46048329120382,1.956025468475
regardless,6.88076429412621e-05,0.887256973795435,2.75063767710827,1.46048329120382,1.30401697898333
absurd,6.88076429412621e-05,0.887256973795435,1.65038260626496,1.46048329120382,2.60803395796666
mission,6.88076429412621e-05,0.887256973795435,2.75063767710827,1.46048329120382,1.30401697898333
hoping,6.88076429412621e-05,1.33088546069315,1.10025507084331,1.46048329120382,1.30401697898333
plot,0.000759530520159316,1.72814163188728,0.548210714740741,1.45539449924841,0.826937596428454
far,0.000690722877218054,1.06062902614627,0.986435580756068,1.45488756978158,1.29902074534738
through,0.000902438701652707,1.04857642357642,1.04863019948409,1.44763446459499,0.795412116212707
which,0.00160110092228706,0.876991190627554,1.04024115788822,1.4435851374213,1.2328887801297
feeling,0.000209069376629219,0.584017248574211,0.905273159554619,1.44199616093542,0.858340289963712
about,0.00306723300649703,1.00514961742313,1.20942619521516,1.44158143670162,1.0823678462312
isnt,0.000701308668439787,0.783464648558988,1.07949554120475,1.43292700269054,0.895589019528175
personal,0.000211715824434653,1.7301510989011,1.07274869407222,1.42397120892373,1.69522207267833
level,0.000211715824434653,0.865075549450549,0.893957245060186,1.42397120892373,1.69522207267833
theres,0.000711894459661519,0.428785898116753,2.1800593039386,1.41161953796652,1.6385046055627
heart,0.000285816362986781,0.640796703296703,0.397314331137861,1.40639131745553,0.6278600269179
wont,0.000214362272240086,0.284798534798535,1.76584147172382,1.40639131745553,2.092866756393
reality,0.00014290818149339,0.854395604395604,1.32438110379287,1.40639131745553,1.2557200538358
appreciate,7.14540907466952e-05,1.70879120879121,1.05950488303429,1.40639131745553,1.2557200538358
survive,7.14540907466952e-05,0.427197802197802,1.05950488303429,1.40639131745553,1.2557200538358
capable,7.14540907466952e-05,1.28159340659341,0.529752441517147,1.40639131745553,1.2557200538358
missed,7.14540907466952e-05,0.427197802197802,1.58925732455144,1.40639131745553,1.2557200538358
brilliant,7.14540907466952e-05,1.28159340659341,1.58925732455144,1.40639131745553,2.5114401076716
delivered,7.14540907466952e-05,1.28159340659341,0.529752441517147,1.40639131745553,3.7671601615074
meets,7.14540907466952e-05,0.427197802197802,1.58925732455144,1.40639131745553,2.5114401076716
rise,7.14540907466952e-05,0.427197802197802,1.05950488303429,1.40639131745553,2.5114401076716
material,0.000288462810792214,0.529098195382599,1.44345390028067,1.39348864481833,1.55524960796177
brings,0.000217008720045519,0.562650763870276,1.22101477374074,1.38924020382803,0.413468798214227
parts,0.000145554629298824,0.629145854145854,0.780180868416163,1.38082056622907,0.616444390064848
adventure,0.000145554629298824,0.209715284715285,0.260060289472054,1.38082056622907,3.08222195032424
fascinating,0.000145554629298824,0.209715284715285,0.520120578944108,1.38082056622907,4.93155512051878
laughs,0.000145554629298824,0.419430569430569,1.30030144736027,1.38082056622907,1.2328887801297
feels,0.00109298294364389,0.893701939706782,0.831185428821093,1.37914887062831,1.1493031001209
better,0.000950074762150503,1.18877605681227,1.27494738014155,1.37505112096627,0.661089387674001
nothing,0.000658965503552856,1.38967959751092,1.37863285985185,1.37250237004696,0.816974492857027
given,0.000367856244955209,1.16173215273935,1.85222796098801,1.36591962486688,0.975667379958752
give,0.000441956783507337,1.58856188721458,1.62732336825327,1.36428379298082,0.609061822519161
talent,0.000148201077104257,0.82388147566719,1.53249813438889,1.35616305611783,2.4217458181119
latest,0.000148201077104257,0.411940737833595,2.29874720158334,1.35616305611783,0.605436454527975
acted,7.41005385521284e-05,0.411940737833595,1.02166542292593,1.35616305611783,1.21087290905595
decide,7.41005385521284e-05,0.411940737833595,2.04333084585185,1.35616305611783,1.21087290905595
impossible,7.41005385521284e-05,2.05970368916797,0.510832711462964,1.35616305611783,2.4217458181119
spend,7.41005385521284e-05,1.64776295133438,0.510832711462964,1.35616305611783,2.4217458181119
us,0.000817752371878846,1.04518297236744,0.879491917470216,1.35177417891357,2.0847391185041
based,0.000224948063461818,1.35698125404008,0.168274304952506,1.3402081966341,0.398875781806666
doesnt,0.00090508514945814,0.708248987854251,1.12920915165497,1.33237072179998,1.09049373096267
surprise,0.00015084752490969,1.01178426836322,1.00374146813775,1.33237072179998,1.18962952468655
fast,0.00015084752490969,1.4164979757085,0.752806101103315,1.33237072179998,0.594814762343274
directed,0.00015084752490969,0.404713707345286,1.25467683517219,1.33237072179998,3.56888857405964
twists,0.00015084752490969,2.22592539039907,0.752806101103315,1.33237072179998,2.3792590493731
matter,0.000227594511267252,0.402360720674674,1.66317626987942,1.32462438039416,0.394237691320542
strong,0.000306987945430246,0.596603827207276,1.23304447594508,1.30939881280343,2.33823734162528
biggest,0.000153493972715123,0.795471769609701,2.46608895189017,1.30939881280343,0.584559335406321
intended,7.67469863575616e-05,2.3864153088291,0.493217790378034,1.30939881280343,1.16911867081264
brother,7.67469863575616e-05,1.98867942402425,0.986435580756068,1.30939881280343,1.16911867081264
tale,0.000309634393235679,0.295752324598478,0.244501126854068,1.29820736995895,2.02847085619629
two,0.00085480264115491,1.57124145204641,1.2841986430586,1.29318334762939,1.25960773202105
while,0.00132322390271658,0.968884615384615,0.944018850783557,1.29106722942418,1.28836877523553
journey,0.000156140420520556,0.390994598621717,0.969716333624609,1.28720561258642,1.1493031001209
yet,0.000547814695724664,0.780100334448161,0.690981445457149,1.28409642028549,1.14652700567617
idea,0.000391674275204107,1.09108627858628,1.54630442388789,1.28285694497633,0.4581681277509
screen,0.000391674275204107,0.93521681021681,0.676508185450952,1.28285694497633,0.68725219162635
without,0.000627208129887658,0.876025872861316,0.543163895732771,1.28177436527593,1.28751043494557
right,0.00055310759133553,0.772635259477365,0.958116855949673,1.27180841626362,0.973333247470812
camera,0.000158786868325989,0.768956043956044,0.238388598682716,1.26575218570998,2.82537012113055
interest,0.000158786868325989,1.15343406593407,0.715165796048149,1.26575218570998,1.13014804845222
voice,0.000158786868325989,0.768956043956044,2.14549738814445,1.26575218570998,0.56507402422611
sets,0.000158786868325989,0.961195054945055,0.238388598682716,1.26575218570998,1.13014804845222
air,7.93934341629947e-05,0.384478021978022,0.953554394730865,1.26575218570998,2.26029609690444
male,7.93934341629947e-05,0.384478021978022,0.953554394730865,1.26575218570998,1.13014804845222
year,0.000399613618620407,0.763863619823885,0.852515518467992,1.25736972090395,0.224532724858057
love,0.000643086816720257,0.711996336996337,0.647475206298736,1.25012561551603,0.976671152983401
cinematic,0.000161433316131423,0.567262655377409,0.234480588868246,1.24500214987867,1.66743154689672
ideas,0.000161433316131423,0.567262655377409,0.937922355472982,1.24500214987867,2.22324206252896
expecting,0.000161433316131423,1.51270041433976,0.234480588868246,1.24500214987867,0.55581051563224
live,0.00024347319809985,0.501493072145246,0.932824951367151,1.23823583384672,0.368526537538768
instead,0.000325513080068278,1.03152640042884,0.697722727851853,1.23488018118047,1.37822932738076
more,0.00334246357826208,1.15069431755893,1.04188841229501,1.23268027586958,0.912708637704881
audience,0.000571632725973562,1.44179258241758,0.794628662275721,1.23059240277359,0.470895020188425
down,0.000735712489910418,1.24471302079216,0.926113980494006,1.2293276623802,0.975667379958752
comes,0.000656319055747423,0.651132133995037,1.90326381206362,1.22492147004192,1.09369165979247
choice,8.20398819684279e-05,1.48830202056009,0.461397287772999,1.22492147004192,2.18738331958494
emotion,8.20398819684279e-05,0.744151010280043,0.922794575545999,1.22492147004192,1.09369165979247
touch,8.20398819684279e-05,0.744151010280043,1.384191863319,1.22492147004192,1.09369165979247
disappointing,8.20398819684279e-05,1.11622651542006,1.845589151092,1.22492147004192,1.09369165979247
one,0.00328953462215341,0.965061487185381,0.909060303906738,1.22196510285758,0.954670515587154
performances,0.000576925621584428,0.899466932150418,0.984173113827728,1.21930256421603,1.08867472557324
thing,0.000579572069389861,1.10603266596417,1.43686278658076,1.21373497259861,0.774074005789192
every,0.000828338163100578,1.36348435909139,0.685462424327299,1.21318100866771,0.649925395276037
even,0.00215420851362259,1.20444589194589,0.913725341388299,1.2128829297958,1.08294284741122
works,0.000415492305453006,0.587737103660671,0.546623538380751,1.20931737488215,1.51166299474501
mystery,0.000166726211742289,1.64776295133438,1.13518380325103,1.20547827210474,0.5381657373582
how,0.00159580802667619,0.95641298999508,1.3520547387975,1.1964821655965,0.618488981740021
since,0.000338745319095444,1.35168054601648,2.34663776828299,1.18664267410311,0.529756897711979
fresh,0.000169372659547722,0.540672218406593,0.67046793379514,1.18664267410311,1.58927069313594
deliver,0.000169372659547722,1.26156850961538,0.893957245060186,1.18664267410311,0.529756897711979
starts,0.000169372659547722,0.720896291208791,2.23489311265047,1.18664267410311,0.529756897711979
writer/director,8.4686329773861e-05,0.720896291208791,3.12885035771065,1.18664267410311,1.05951379542396
read,8.4686329773861e-05,1.80224072802198,2.23489311265047,1.18664267410311,1.05951379542396
bored,8.4686329773861e-05,1.44179258241758,1.34093586759028,1.18664267410311,2.11902759084791
reveals,8.4686329773861e-05,2.88358516483517,0.893957245060186,1.18664267410311,1.05951379542396
awful,8.4686329773861e-05,1.44179258241758,0.893957245060186,1.18664267410311,1.05951379542396
long,0.000598097204027894,1.12281192259068,1.20249116149689,1.17614141150042,0.600078609797639
will,0.00197425006285314,1.00500287246266,1.20792078152905,1.17073593584435,0.590828068225692
most,0.00155081841398383,1.10225781044894,0.781068446195931,1.16639279911841,0.925718537981341
if,0.00241356039855504,1.07502078513592,0.941007626379143,1.16582438157498,1.30115729262591
exactly,0.000346684662511744,1.0565808237564,1.85615550119367,1.15946765103204,0.776437590539694
all,0.0034880182075609,1.20769272457436,0.976705943009612,1.15242991111682,0.90034556212051
point,0.000611329443055059,1.54789853004139,1.73373526314703,1.15068380519089,0.880634842949782
likely,0.000174665555158588,0.873813686313686,0.216716907893378,1.15068380519089,1.02740731677475
places,8.73327775792942e-05,0.699050949050949,0.866867631573514,1.15068380519089,2.05481463354949
amusing,8.73327775792942e-05,1.04857642357642,0.433433815786757,1.15068380519089,2.05481463354949
protagonist,8.73327775792942e-05,2.09715284715285,1.30030144736027,1.15068380519089,1.02740731677475
sounds,8.73327775792942e-05,2.09715284715285,1.73373526314703,1.15068380519089,2.05481463354949
class,8.73327775792942e-05,0.349525474525475,0.866867631573514,1.15068380519089,1.02740731677475
whos,8.73327775792942e-05,2.44667832167832,2.16716907893379,1.15068380519089,1.02740731677475
on,0.00515263387717836,1.11966635059855,0.918291982599061,1.15068380519089,1.11447573345057
into,0.00228123800828338,1.03032973407103,0.978997261411619,1.1453442051668,1.0226397654208
life,0.00105593267436783,0.462529951251756,0.932045648985056,1.14203204725712,0.424867687388053
so,0.00309634393235679,1.31116863905325,1.18583046524223,1.13593144871408,0.811388342478517
main,0.000354624005928043,1.2050803673938,0.960670472303484,1.13350942003879,0.253018219802736
moving,0.000177312002964022,0.344308676398229,0.426964654357104,1.13350942003879,1.01207287921094
movie,0.00507853333862623,1.28626831740433,0.946597770694267,1.12789798726632,0.671375078288448
may,0.000981832135815701,0.621797340126181,0.925281892461217,1.12587121639971,1.64495942362318
seriously,0.000179958450769455,1.35698125404008,1.26205728714379,1.11684016386175,0.997189454516665
king,0.000179958450769455,0.16962265675501,0.210342881190632,1.11684016386175,0.498594727258333
quickly,0.000179958450769455,1.18735859728507,0.841371524762528,1.11684016386175,0.498594727258333
netflix,0.000179958450769455,0.678490627020039,2.73445745547822,1.11684016386175,3.49016309080833
meaning,8.99792253847273e-05,1.01773594053006,0.420685762381264,1.11684016386175,1.99437890903333
equally,8.99792253847273e-05,1.01773594053006,1.26205728714379,1.11684016386175,0.997189454516665
arc,8.99792253847273e-05,0.339245313510019,0.420685762381264,1.11684016386175,1.99437890903333
words,8.99792253847273e-05,2.03547188106012,0.420685762381264,1.11684016386175,0.997189454516665
off,0.000817752371878846,1.04518297236744,1.11093715890975,1.10599705547474,0.768061780501509
let,0.000182604898574888,1.17015050167224,1.65835546909716,1.10065407453042,1.47410615015507
youll,0.000182604898574888,0.334328714763497,0.621883300911434,1.10065407453042,1.96547486687343
classic,0.000275230571765048,0.554535608622147,0.41259565156624,1.09536246840287,1.30401697898333
made,0.00101094306167547,1.0568113169553,1.01096735567016,1.09345084105836,0.887550823391796
something,0.00110356873486563,0.940449837931852,1.0633160516783,1.09273569989351,0.650444919972501
worth,0.000460481918145369,0.464025198938992,1.06863854581907,1.09116567733619,1.16911867081264
wonder,0.000277877019570482,0.439403453689168,0.544888225560494,1.08493044489427,0.64579888482984
leads,0.000185251346380321,0.988657770800628,0.612999253755556,1.08493044489427,1.45304749086714
age,0.000185251346380321,1.3182103610675,0.612999253755556,1.08493044489427,0.48434916362238
told,0.000185251346380321,0.82388147566719,2.24766393043704,1.08493044489427,0.968698327244761
particular,0.000185251346380321,0.329552590266876,1.83899776126667,1.08493044489427,0.968698327244761
a,0.0311539835655591,0.900446743623349,0.85902517466198,1.08059883336606,1.20387840023708
probably,0.000373149140566075,0.899842179097498,1.42018739640767,1.0772359027319,1.68319922109905
little,0.00130734521588398,0.700466031943765,1.15816323246664,1.07614558299229,1.3726494515614
is,0.0169213872679396,0.934436731551214,0.988749708643359,1.07491935696046,1.07111310191124
offers,0.000187897794185754,0.487366506732704,0.20145515381638,1.0696497344028,2.86516406649859
keeps,0.000187897794185754,0.162455502244235,0.80582061526552,1.0696497344028,1.43258203324929
might,0.000658965503552856,1.06542102475837,1.26374678819753,1.06750184336986,1.08929932380937
much,0.00217008720045519,0.8158436076119,1.15124250095556,1.06508415626815,0.950978235892722
could,0.00113267966072539,0.970178186299682,1.03598783539685,1.06465137115793,1.02980780115973
fine,0.000283169915181348,0.32339272876656,0.401027549185878,1.06465137115793,1.5843196940919
of,0.0259298955976341,0.958252020484109,0.983918649798841,1.06189864937089,1.00695983496508
any,0.00104270043534066,1.25882398058794,0.94387363945441,1.06014776975709,0.430259409309221
at,0.00379765260079658,0.94043056246889,1.16619370226667,1.05846872672611,0.945071538775376
past,0.000285816362986781,1.17479395604396,1.19194299341358,1.05479348809165,0.31393001345895
issues,0.000190544241991187,1.28159340659341,1.19194299341358,1.05479348809165,0.941790040376851
eventually,0.000190544241991187,1.28159340659341,1.78791449012037,1.05479348809165,0.470895020188425
learn,9.52721209955937e-05,0.640796703296703,1.19194299341358,1.05479348809165,0.941790040376851
showing,9.52721209955937e-05,0.961195054945055,0.397314331137861,1.05479348809165,0.941790040376851
inspired,9.52721209955937e-05,0.320398351648352,0.397314331137861,1.05479348809165,0.941790040376851
kate,9.52721209955937e-05,0.320398351648352,0.397314331137861,1.05479348809165,0.941790040376851
reach,9.52721209955937e-05,1.28159340659341,0.397314331137861,1.05479348809165,0.941790040376851
actually,0.000574279173778995,1.64776295133438,1.45010576157228,1.04993268860736,0.312483331369278
question,0.00019319068979662,1.26403733253048,1.17561500720244,1.04034426222738,1.85777761389406
tell,0.000291109258597647,1.04857642357642,1.95045217104041,1.0356154246718,0.616444390064848
lot,0.000584864965000728,0.574107453632341,0.841371524762528,1.03092938202623,0.920482573399999
or,0.00282905270400805,0.884767010351669,0.990126639991825,1.03012572644311,1.07834519122663
impressive,0.000195837137602054,0.467608405108405,0.966440264929931,1.02628555598106,2.7490087665054
fully,0.000195837137602054,1.09108627858628,0.773152211943945,1.02628555598106,1.3745043832527
surface,9.79185688010268e-05,0.623477873477874,0.773152211943945,1.02628555598106,3.6653450220072
climax,9.79185688010268e-05,1.24695574695575,0.773152211943945,1.02628555598106,3.6653450220072
source,9.79185688010268e-05,0.623477873477874,1.93288052985986,1.02628555598106,2.7490087665054
by,0.00343773569925767,0.754749003882953,1.06806901026436,1.02312532332215,1.07011708975845
comedy,0.000688076429412621,0.621079881656805,0.605140288963818,1.02233830384268,1.43441867688166
the,0.0517512868352454,1.04991697129258,1.03718240736004,1.01946289567539,0.896374136102989
completely,0.00039432072300954,1.70305701010399,1.43993113298285,1.0193977334577,0.227546586936689
work,0.000793934341629947,1.19188186813187,0.572132636838519,1.01260174856798,1.13014804845222
hand,0.000198483585407487,0.768956043956044,1.33497615262321,1.01260174856798,0.452059219380888
serious,0.000198483585407487,1.84549450549451,0.572132636838519,1.01260174856798,0.904118438761777
we,0.00159316157887076,0.900521612938557,0.760309151944876,1.00923762315746,1.29535241433892
fans,0.000299048602013947,1.12281192259068,1.3923581869964,1.00812120985751,2.40031443919056
scene,0.000500178635226867,1.52570643642072,0.983825962817559,1.00456522675395,0.1793885791194
in,0.0142193640585924,0.963878458225192,0.926401254512398,1.00355561346073,1.08534597617969
need,0.00040226006642584,0.758838201272412,1.12920915165497,0.999278041349983,0.669166607636183
flaws,0.00010056501660646,0.303535280508965,0.752806101103315,0.999278041349983,0.892222143514911
unexpected,0.00010056501660646,0.607070561017929,0.376403050551657,0.999278041349983,2.67666643054473
original,0.000606036547444193,1.3599440952061,1.24919789702733,0.994914381780769,0.740271647457786
sort,0.000203776481018353,0.449389895818467,2.60060289472054,0.986300404449334,1.76126968589956
own,0.000717187355272386,0.723556425124691,1.00281550737379,0.980841177118434,1.12597776045055
clearly,0.000309634393235679,1.28159340659341,1.71150788797848,0.973655527469215,0.289781550885185
child,0.000206422928823786,2.07026627218935,1.10025507084331,0.973655527469215,1.73868930531111
hollywood,0.000206422928823786,0.443628486897718,0.550127535421653,0.973655527469215,1.73868930531111
killing,0.000103211464411893,1.18300929839391,2.20051014168661,0.973655527469215,6.08541256858888
natural,0.000103211464411893,0.887256973795435,0.733503380562204,0.973655527469215,0.869344652655554
it,0.0114591189975256,1.03888980534477,1.07027121440924,0.973430664760792,1.08838738153482
make,0.00134704193296548,1.26900408039897,0.758722062605109,0.969829769011575,0.66609904623903
moments,0.000624561682082225,0.488743248277147,1.21214541703076,0.965404209439814,1.00564021260579
ultimately,0.000312280841041113,0.879737846898864,0.848501791921533,0.965404209439814,3.44790930036271
lead,0.000312280841041113,0.684240547588005,1.21214541703076,0.965404209439814,1.43662887515113
father,0.000209069376629219,1.02203018500487,1.44843705528739,0.961330773956946,0.429170144981856
absolutely,0.000209069376629219,1.31403880929197,1.62949168719831,0.961330773956946,0.429170144981856
rest,0.000209069376629219,1.31403880929197,1.44843705528739,0.961330773956946,2.57502086989114
acting,0.000314927288846546,1.06619955674578,0.721175592653596,0.957291569024354,1.13964509087619
like,0.0034880182075609,1.08517317280595,1.10693340207756,0.95075467667138,0.720276449696408
fun,0.000741005385521284,0.741493328100471,0.56191598260926,0.949314139282484,0.968698327244761
director,0.000635147473303958,0.52865728021978,0.893957245060186,0.949314139282484,1.5539535666218
wasnt,0.000211715824434653,1.15343406593407,1.96670593913241,0.949314139282484,0.423805518169583
cinema,0.000211715824434653,0.576717032967033,0.178791449012037,0.949314139282484,0.423805518169583
mix,0.000105857912217326,1.44179258241758,1.07274869407222,0.949314139282484,0.847611036339166
edge,0.000105857912217326,1.15343406593407,2.14549738814445,0.949314139282484,0.847611036339166
were,0.00106387201778413,1.46331187469247,0.853929308714208,0.944591183365656,0.590375846206384
terms,0.000320220184457412,1.2392266824085,1.41851066984757,0.941468567883455,0.840605986452065
years,0.000534582456697498,0.970711837667283,1.06212741987349,0.939914989388598,0.167843769572112
story,0.00224948063461818,0.800618939883646,0.824544094267278,0.938145737643867,1.15673976723933
character,0.00128882008124595,0.876325676377011,1.11606982545502,0.935668966849266,0.417713857744147
bit,0.00064573326452569,0.661806431273644,0.82068206103886,0.933751612409001,0.55581051563224
himself,0.000322866632262845,1.60724419023599,0.937922355472982,0.933751612409001,0.27790525781612
either,0.000322866632262845,0.567262655377409,1.28964323877535,0.933751612409001,0.833715773448359
no,0.0015084752490969,1.29508386350492,1.0288350048412,0.932659505259985,0.951703619749239
very,0.00227594511267252,1.09978596984411,1.16422338891559,0.927237066275915,0.788475382641084
execution,0.000108504360022759,1.12530152774055,0.697722727851853,0.92616013588535,1.65387519285691
provides,0.000108504360022759,0.281325381935138,0.697722727851853,0.92616013588535,1.65387519285691
performance,0.000661611951358289,0.322961538461538,1.02983874630933,0.911341573711185,1.6274131897712
has,0.00309369748455136,0.996551246016601,1.18684486256066,0.909522528653877,1.04410598146142
be,0.0055390152567716,1.11320440190483,0.997746834429334,0.907132479008585,0.874744308883229
action,0.000886560014820108,0.929633426275217,0.640446981535656,0.90680753603103,0.809658303368755
and,0.0271604938271605,0.995754245754246,0.981149216443334,0.906487242031408,0.924996941147681
once,0.00044460323131277,1.44179258241758,0.681110281950618,0.904108704078556,0.807248606037301
tries,0.000222301615656385,1.51044937205651,1.02166542292593,0.904108704078556,0.40362430301865
neither,0.000111150807828193,0.82388147566719,0.681110281950618,0.904108704078556,2.4217458181119
dont,0.000780702102602781,0.586491897932576,1.50306031711814,0.901043928810494,0.344790930036271
an,0.00470009130244929,0.93521681021681,1.06308429142292,0.897999861483431,1.35541404459641
wants,0.000336098871290011,1.54396685991174,1.01362081329659,0.896989737904709,0.266964105933595
watch,0.000674844190385455,0.768956043956044,0.729188654794191,0.893472131089397,0.664792969677777
obvious,0.000224948063461818,0.678490627020039,1.51446874457255,0.893472131089397,0.797751563613332
get,0.00146613208420997,1.1867462411235,1.0585486511904,0.891052982720021,0.97918964486835
able,0.000338745319095444,1.08134443681319,0.893957245060186,0.889982005577329,0.264878448855989
another,0.00090508514945814,1.04551041064199,1.21285427399978,0.888247147866652,0.793086349791032
together,0.00045254257472907,0.944331983805668,0.92009634579294,0.888247147866652,1.38790111213431
times,0.000566339830362696,1.02407697442744,0.066837924864313,0.887209475964938,0.950591816455139
true,0.000341391766900877,0.178826986966522,0.554392089959805,0.883082920262776,0.262825127547028
ends,0.000227594511267252,0.670601201124457,2.49476440481912,0.883082920262776,0.394237691320542
gave,0.000113797255633626,2.14592384359826,1.33054101590353,0.883082920262776,1.57695076528217
bigger,0.000113797255633626,1.07296192179913,0.332635253975883,0.883082920262776,0.788475382641084
element,0.000113797255633626,1.34120240224891,1.66317626987942,0.883082920262776,1.57695076528217
standard,0.000113797255633626,1.34120240224891,0.332635253975883,0.883082920262776,0.788475382641084
but,0.00911701268971723,0.890605113319192,1.03382457599994,0.881801232424949,1.07273849591836
up,0.00228123800828338,1.00356792279646,1.11174265278947,0.881034003974463,0.825978272070649
our,0.000571632725973562,0.961195054945055,0.860847717465365,0.878994573409708,0.941790040376851
makes,0.000915670940679872,1.36678603188719,0.826781267107687,0.877978394712124,1.0778868670209
part,0.000457835470339936,1.13343231912596,1.24017190066153,0.877978394712124,1.17587658220462
for,0.00781231392163868,0.992453430715626,1.02235760817181,0.874706795002831,0.803967107638775
this,0.0111468381564845,1.11728655959425,1.2734433690316,0.874486908930683,0.555414639196604
found,0.000576925621584428,1.16401602984172,1.57467698212436,0.870930403011453,0.311049921592354
sure,0.000463128365950803,1.64776295133438,1.14426527367704,0.867944355915414,0.581218996346856
many,0.00115914413877972,0.921693888303477,1.14295903478015,0.86695355185615,0.774074005789192
not,0.00418668042819526,0.838463448687848,1.22961502228253,0.864103894163576,1.02870618822452
funny,0.000465774813756236,0.851968344155844,0.487613042760102,0.863012853893168,1.34847210326685
plays,0.000349331110317177,0.524288211788212,1.40865990130696,0.863012853893168,1.02740731677475
few,0.000817752371878846,1.23182278886162,1.01835906233393,0.860219932035908,0.658338669001294
with,0.00798697947679727,0.98221522513272,0.990521215202539,0.855578018173743,1.20204613503367
coming,0.000235533854683551,0.518397333004075,0.964268489053684,0.853316080253918,0.761897560754306
sequence,0.000235533854683551,1.29599333251019,0.642845659369123,0.853316080253918,0.380948780377153
you,0.00436663887896471,1.20236763236763,1.17893997893998,0.851506015841259,0.678088829071332
seems,0.000709248011856086,1.54938904379203,0.853929308714208,0.85013206502909,0.759054659408208
are,0.00416021595014092,1.24735236137908,1.07365857421987,0.845445162210864,0.819573012236343
help,0.000357270453733476,1.28159340659341,0.953554394730865,0.843834790473319,0.75343203230148
delivers,0.000238180302488984,0.640796703296703,0.317851464910288,0.843834790473319,1.50686406460296
stories,0.000238180302488984,0.512637362637363,0.794628662275721,0.843834790473319,1.13014804845222
figure,0.000119090151244492,0.768956043956044,0.317851464910288,0.843834790473319,0.75343203230148
opening,0.000119090151244492,2.30686813186813,0.953554394730865,0.843834790473319,0.75343203230148
decent,0.000119090151244492,1.28159340659341,0.635702929820577,0.843834790473319,1.50686406460296
using,0.000119090151244492,1.28159340659341,0.317851464910288,0.843834790473319,0.75343203230148
further,0.000119090151244492,0.768956043956044,1.90710878946173,0.843834790473319,0.75343203230148
why,0.000838923954322311,1.71013883592748,0.676813056196987,0.838510911669071,0.106954073986015
to,0.0246966509203022,1.07655494152226,1.05450936065394,0.838228515611623,0.904651298964647
role,0.000359916901538909,0.339245313510019,1.36722872773911,0.83763012289631,1.74508154540416
however,0.000359916901538909,1.27216992566257,1.36722872773911,0.83763012289631,0.747892090887499
side,0.000240826750294417,1.01400797005193,2.51486873335613,0.834561880687898,1.86288139854762
premise,0.000486946396199701,1.44179258241758,1.08829577659501,0.825490555897812,0.921316343846919
filmmaker,0.000121736599049925,0.250746536072623,1.24376660182287,0.825490555897812,2.94821230031014
break,0.000121736599049925,1.25373268036312,0.621883300911434,0.825490555897812,0.737053075077535
mark,0.000121736599049925,1.50447921643574,0.621883300911434,0.825490555897812,1.47410615015507
everything,0.000608682995249626,1.00298614429049,0.808448291184864,0.825490555897812,0.737053075077535
such,0.000733066042104985,0.957725036696156,0.413092156562108,0.822510445587712,1.59118317291107
anything,0.000611329443055059,1.19837305551591,1.11454409773738,0.821917003707779,0.733862369124819
whole,0.000492239291810567,1.17823909961007,1.384191863319,0.816614313361277,0.546845829896236
others,0.000246119645905284,1.36427685218008,1.384191863319,0.816614313361277,0.364563886597491
that,0.0141690815502891,1.15257232961286,1.24492813208232,0.815622906368963,0.892888727111112
real,0.000616622338665926,0.69305051172004,1.28914006154602,0.814861922130888,0.727563121321172
finding,0.000124383046855358,1.22705751695113,0.608651741317574,0.807926927048923,0.721371094756737
couldve,0.000124383046855358,0.981646013560907,1.21730348263515,0.807926927048923,2.16411328427021
violent,0.000124383046855358,0.73623451017068,1.21730348263515,0.807926927048923,3.60685547378368
war,0.000373149140566075,0.490823006780454,2.63749087904282,0.807926927048923,1.44274218951347
looking,0.000373149140566075,1.88148819265841,0.91297761197636,0.807926927048923,0.480914063171158
take,0.000748944728937584,1.01893468722091,1.01083504741788,0.805072061582319,0.958429440383509
well,0.00125176981196988,0.731564946681226,1.17934317318722,0.802802654784342,1.00351412336138
maybe,0.00025141254151615,1.57838345864662,0.903367321323978,0.799422433079987,0.713777714811929
star,0.000378442036176941,0.403298624452471,2.90067245949599,0.796627249747539,0.711281988536363
filmmakers,0.000254058989321583,0.841045673076923,1.19194299341358,0.791095116068737,1.05951379542396
literally,0.000254058989321583,1.80224072802198,1.34093586759028,0.791095116068737,0.706342530282638
poor,0.000127029494660792,1.20149381868132,0.595971496706791,0.791095116068737,0.706342530282638
towards,0.000127029494660792,0.961195054945055,1.19194299341358,0.791095116068737,1.41268506056528
soon,0.000127029494660792,1.20149381868132,1.19194299341358,0.791095116068737,0.706342530282638
indie,0.000127029494660792,0.240298763736264,0.595971496706791,0.791095116068737,3.53171265141319
ride,0.000127029494660792,0.720896291208791,0.297985748353395,0.791095116068737,0.706342530282638
out,0.00254058989321583,1.05731456043956,0.923755819895526,0.791095116068737,0.423805518169583
cant,0.000510764426448599,1.13550503900245,1.11165667779505,0.78699617764351,0.878353405532814
play,0.000383734931787808,0.636377415687761,1.08507913883167,0.785639287682056,1.16911867081264
attention,0.000256705437127016,0.594553642234055,0.4423705954937,0.782939496315451,1.39812129705429
away,0.000516057322059466,1.24215976331361,1.32030608501197,0.778924421975372,0.869344652655554
new,0.00090508514945814,1.34904569115095,1.12920915165497,0.77721625438332,1.09049373096267
2017,0.000129675942466225,0.470789414666966,0.875713219650795,0.77495031778162,0.6919273766034
laugh,0.000129675942466225,0.235394707333483,0.58380881310053,0.77495031778162,1.3838547532068
gore,0.000129675942466225,0.470789414666966,3.50285287860318,0.77495031778162,4.8434916362238
lines,0.000129675942466225,1.4123682440009,0.291904406550265,0.77495031778162,0.6919273766034
relatively,0.000129675942466225,1.4123682440009,2.04333084585185,0.77495031778162,0.6919273766034
lives,0.000264644780543316,0.576717032967033,1.00123211446741,0.759451311425987,1.35617765814266
project,0.000132322390271658,0.461373626373626,0.572132636838519,0.759451311425987,0.678088829071332
general,0.000132322390271658,1.61480769230769,1.14426527367704,0.759451311425987,4.06853297442799
simply,0.000396967170814974,1.30722527472527,0.953554394730865,0.759451311425987,0.678088829071332
film,0.0075582549323171,1.10254726890756,1.07675522514252,0.757855825477614,0.830991212097221
good,0.00159316157887076,0.766401372713665,1.21174271091215,0.756928217368094,1.07007373358433
same,0.000664258399163723,0.689303226653824,1.42463305985687,0.756425608990027,1.21569710391275
his,0.00438781046140817,1.00873304921857,0.879938615161776,0.755786890140458,0.470326992419802
from,0.00372355206224445,1.08211298296586,0.955587559751613,0.755672946692525,0.963878932581851
who,0.00227859156047795,0.884165486081863,1.24593344259259,0.749748681430998,0.905693557993069
solid,0.00040226006642584,0.910605841526894,0.846906863741229,0.749458531012487,1.11527767939364
enough,0.00107445780900586,0.994339712012126,0.598907316887612,0.748227893030529,1.25262714729926
big,0.000539875352308364,1.24389948287007,0.771257231032317,0.744560109241164,1.16338769693611
fairly,0.000134968838077091,1.13081771170006,0.841371524762528,0.744560109241164,1.32958593935555
genuine,0.000134968838077091,0.678490627020039,0.560914349841685,0.744560109241164,1.32958593935555
time,0.00176518068622392,1.24508624808475,0.793437314955967,0.740094981149763,0.914962438027285
though,0.000817752371878846,0.858543155873253,1.29609335206137,0.737331370316493,0.658338669001294
ending,0.000272584123959615,0.559919449482556,1.11093715890975,0.737331370316493,1.31667733800259
can,0.00204570415359983,1.13403608034915,1.22124042792181,0.736854441875149,0.482469412663949
done,0.000410199409842139,1.26505671747607,1.0150740331006,0.734952882025149,0.218738331958494
despite,0.000412845857647573,0.443628486897718,0.641815457991929,0.730241645601911,1.73868930531111
during,0.000275230571765048,1.21997833896872,0.550127535421653,0.730241645601911,0.652008489491666
style,0.000275230571765048,0.332721365173288,0.687659419277066,0.730241645601911,2.28202971322083
incredible,0.000137615285882524,0.443628486897718,1.65038260626496,0.730241645601911,0.652008489491666
possible,0.000137615285882524,1.77451394759087,1.10025507084331,0.730241645601911,0.652008489491666
am,0.000137615285882524,0.443628486897718,0.550127535421653,0.730241645601911,0.652008489491666
quality,0.000137615285882524,0.665442730346577,1.10025507084331,0.730241645601911,1.956025468475
next,0.000277877019570482,1.09850863422292,1.49844262029136,0.723286963262845,0.64579888482984
want,0.000418138753258439,0.730021560717763,1.26738242337647,0.720998080467709,1.71668057992742
interesting,0.000561046934751829,1.14255261248186,1.28190095518064,0.716463501345271,1.43933949567028
mind,0.000280523467375915,0.979330810698735,2.15899108240951,0.716463501345271,1.27941288504025
charming,0.000140261733687957,0.217629069044163,0.269873885301188,0.716463501345271,1.27941288504025
sadly,0.000140261733687957,1.74103255235331,1.34936942650594,0.716463501345271,1.91911932756037
just,0.00310163682796766,0.994000346922702,1.42789075320194,0.712795599461251,0.781075016421757
quite,0.00084686329773861,1.29761332417582,1.60912304110834,0.711985604461863,0.847611036339166
have,0.00384264221348894,1.07240770593043,1.35940605860392,0.706101425912592,0.700504988710054
truly,0.000428724544480171,1.13919413919414,0.794628662275721,0.703195658727766,1.2557200538358
small,0.000285816362986781,0.533997252747253,0.662190551896434,0.703195658727766,4.08109017496635
strange,0.00014290818149339,0.854395604395604,0.529752441517147,0.703195658727766,0.6278600269179
pieces,0.00014290818149339,0.427197802197802,0.529752441517147,0.703195658727766,1.8835800807537
those,0.000719833803077819,0.932924612152553,1.10430012625082,0.698025102413591,0.872540772702082
where,0.00115649769097429,0.897408655417809,1.01465170148708,0.695149941808684,0.698260807968191
watching,0.000579572069389861,0.790023332831552,0.979679172668697,0.69356284148492,0.774074005789192
would,0.0014528998451828,1.02947667087011,1.17240294434123,0.691667861043704,0.741080687509653
saying,0.000145554629298824,1.25829170829171,2.60060289472054,0.690410283114534,0.616444390064848
fall,0.000145554629298824,0.838861138861139,1.04024115788822,0.690410283114534,0.616444390064848
took,0.000145554629298824,1.25829170829171,1.56036173683233,0.690410283114534,0.616444390064848
stand,0.000145554629298824,1.04857642357642,0.260060289472054,0.690410283114534,0.616444390064848
basically,0.000145554629298824,1.46800699300699,1.56036173683233,0.690410283114534,1.2328887801297
problems,0.000145554629298824,1.25829170829171,1.30030144736027,0.690410283114534,1.84933317019454
major,0.000145554629298824,0.838861138861139,1.04024115788822,0.690410283114534,1.2328887801297
when,0.002058936392627,0.948840362722111,1.13985293971684,0.683310948583793,0.653684603860539
come,0.000592804308417027,0.978359252354788,0.766249067194445,0.678081528058917,1.21087290905595
american,0.000296402154208514,0.514925922291994,1.02166542292593,0.678081528058917,1.51359113631994
satire,0.000148201077104257,0.205970368916797,1.53249813438889,0.678081528058917,3.02718227263988
what,0.0025300041019941,1.13412973010253,1.34654647791492,0.67524436685365,0.815692629113004
set,0.000447249679118204,0.614254828012224,0.846350054494851,0.674069211324841,0.200617996766666
look,0.000598097204027894,0.918664300301468,0.886046118997707,0.67208080657167,0.900117914696459
didnt,0.000449896126923637,0.882037815126051,1.51446874457255,0.670104098317048,0.598313672709999
getting,0.00030169504981938,0.910605841526894,1.00374146813775,0.666185360899989,1.18962952468655
various,0.00015084752490969,1.01178426836322,1.00374146813775,0.666185360899989,0.594814762343274
going,0.000913024492874439,1.53791208791209,1.07793105491315,0.66039244471825,0.786189946749371
certainly,0.000304341497624813,0.300895843287148,1.74127324255201,0.66039244471825,0.884463690093042
death,0.000306987945430246,1.69037751042061,1.84956671391763,0.654699406401713,2.33823734162528
means,0.000153493972715123,1.78981148162183,0.493217790378034,0.654699406401713,1.16911867081264
nearly,0.000153493972715123,0.795471769609701,0.739826685567051,0.654699406401713,1.16911867081264
early,0.000153493972715123,0.994339712012126,0.246608895189017,0.654699406401713,0.584559335406321
genre,0.000460481918145369,0.729182455475559,1.23304447594508,0.654699406401713,2.92279667703161
films,0.00153758617495666,0.813955192827826,1.30477752807408,0.653572557165221,1.34217238112226
im,0.000463128365950803,0.790926216640502,1.96159761201778,0.650958266936561,0.193739665448952
minutes,0.000463128365950803,1.054568288854,1.63466467668148,0.650958266936561,1.35617765814266
horror,0.000619268786471359,0.492920540997464,1.46700676112441,0.649103684979476,2.60803395796666
here,0.00124118402074815,0.737804306567633,0.914924259336651,0.647719668593593,0.65061827949275
turn,0.000312280841041113,0.488743248277147,0.606072708515381,0.64360280629321,1.1493031001209
stars,0.000156140420520556,0.586491897932576,1.21214541703076,0.64360280629321,1.72395465018135
tv,0.000156140420520556,1.95497299310859,0.484858166812304,0.64360280629321,2.2986062002418
becoming,0.000156140420520556,1.36848109517601,0.242429083406152,0.64360280629321,1.1493031001209
potential,0.000156140420520556,1.17298379586515,1.21214541703076,0.64360280629321,2.2986062002418
see,0.00109827583925476,0.944982126307428,1.30970121685926,0.640501106021917,0.816974492857027
example,0.000158786868325989,0.768956043956044,0.715165796048149,0.632876092854989,0.56507402422611
inside,0.000158786868325989,0.576717032967033,1.90710878946173,0.632876092854989,0.56507402422611
chance,0.000158786868325989,1.7301510989011,0.715165796048149,0.632876092854989,3.39044414535666
sense,0.000637793921109391,1.1007876977794,1.00894759608453,0.630250050975923,1.12545863746279
had,0.00111944742169823,1.44520107552022,0.946791597605115,0.62838760992694,0.400761719309298
fight,0.000161433316131423,0.567262655377409,1.87584471094596,0.622501074939334,0.55581051563224
name,0.000161433316131423,0.37817510358494,1.40688353320947,0.622501074939334,1.11162103126448
although,0.000325513080068278,0.750201018493701,0.465148485234568,0.617440090590234,2.20516692380921
perfect,0.000328159527873711,0.279056628855016,1.1534932194325,0.612460735020958,1.36711457474059
short,0.000328159527873711,0.558113257710032,3.229781014411,0.612460735020958,1.91396040463683
reason,0.000328159527873711,2.13943415455512,0.922794575545999,0.612460735020958,1.09369165979247
hope,0.000164079763936856,1.6743397731301,0.922794575545999,0.612460735020958,3.82792080927365
modern,0.000164079763936856,1.30226426799007,0.2306986438865,0.612460735020958,1.09369165979247
goes,0.000497532187421434,0.613528758475567,1.36946641796454,0.605945195286692,1.0820566421351
do,0.00133380969393831,0.961195054945055,1.16356339833231,0.602739136052371,0.336353585848875
(the,0.000166726211742289,0.915423861852433,0.681110281950618,0.602739136052371,1.0763314747164
female,0.000166726211742289,1.09850863422292,1.36222056390124,0.602739136052371,1.0763314747164
later,0.000166726211742289,2.01393249607535,1.13518380325103,0.602739136052371,0.5381657373582
scenes,0.000500178635226867,1.34262166405024,1.13518380325103,0.602739136052371,0.3587771582388
really,0.00167255501303376,0.89427641187926,1.33527791034306,0.600831733723091,0.375523876859124
before,0.000669551294774589,1.32211809929201,1.30030144736027,0.600356767925682,0.670048250070487
as,0.00805843356754396,0.981081849185298,0.953554394730865,0.598582314424424,1.18025313434419
trying,0.000505471530837733,0.966227489787699,1.72238882817879,0.596427731486377,0.887550823391796
things,0.000677490638190888,1.30662452781593,1.28506353977402,0.593321337051553,0.529756897711979
second,0.000338745319095444,1.62201665521978,1.11744655632523,0.593321337051553,0.529756897711979
nice,0.000169372659547722,0.540672218406593,0.67046793379514,0.593321337051553,0.529756897711979
ever,0.000510764426448599,0.89645134658088,0.963435787422377,0.590247133232633,0.351341362213126
there,0.00238974236830614,0.894134934832609,1.39390011189894,0.588721946841851,0.638289595471354
beautiful,0.000172019107353155,0.354902789518174,0.660153042505984,0.584193316481529,3.65124754115333
important,0.000172019107353155,0.177451394759087,0.440102028337322,0.584193316481529,1.04321358318667
also,0.00155346486178926,1.10038002882977,1.09650633124929,0.582202879287384,0.635347284479102
call,0.000174665555158588,0.699050949050949,1.30030144736027,0.575341902595445,1.54111097516212
best,0.00106387201778413,0.774694521896015,1.28089396307131,0.566754710019394,0.84339406600912
feel,0.00106387201778413,0.774694521896015,0.676027369398748,0.566754710019394,0.927733472610032
hes,0.000354624005928043,0.6025401836969,0.853929308714208,0.566754710019393,0.253018219802736
flick,0.000177312002964022,0.516463014597343,1.28089396307131,0.566754710019393,1.51810931881642
version,0.000177312002964022,0.688617352796457,1.49437629024986,0.566754710019393,0.506036439605472
yes,0.000357270453733476,0.939835164835165,0.741653418124006,0.562556526982213,0.75343203230148
woman,0.000357270453733476,0.854395604395604,1.0595048830343,0.562556526982213,0.50228802153432
lets,0.000179958450769455,2.03547188106012,0.631028643571896,0.558420081930873,0.997189454516665
focus,0.000179958450769455,0.678490627020039,1.05171440595316,0.558420081930873,3.98875781806666
knows,0.000179958450769455,0.16962265675501,0.420685762381264,0.558420081930873,0.498594727258333
family,0.000539875352308364,1.13081771170006,1.12182869968337,0.558420081930873,0.664792969677777
pretty,0.000727773146494118,1.50995004995005,1.40432556314909,0.552328226491627,0.863022146090787
beyond,0.000182604898574888,0.668657429526995,0.414588867274289,0.550327037265208,1.47410615015507
case,0.000182604898574888,1.33731485905399,1.24376660182287,0.550327037265208,1.96547486687343
playing,0.000182604898574888,1.50447921643574,0.621883300911434,0.550327037265208,0.982737433436714
somewhat,0.000182604898574888,0.835821786908743,0.621883300911434,0.550327037265208,1.47410615015507
art,0.000182604898574888,0.334328714763497,1.03647216818572,0.550327037265208,0.982737433436714
should,0.000738358937715851,1.07488479262673,1.33292549801089,0.544409542240851,0.850649068727478
lack,0.000185251346380321,1.15343406593407,0.817332338340742,0.542465222447134,2.4217458181119
keep,0.000373149140566075,1.14525368248773,1.42018739640767,0.538617951365948,0.961828126342316
seem,0.000373149140566075,1.06344984802432,0.507209784431311,0.538617951365948,0.721371094756737
future,0.000187897794185754,1.46209952019811,0.80582061526552,0.5348248672014,0.477527344416431
head,0.000187897794185754,0.812277511221173,1.41018607671466,0.5348248672014,0.477527344416431
screenplay,0.000187897794185754,1.62455502244235,0.20145515381638,0.5348248672014,1.43258203324929
seen,0.000756884072353883,1.29055559824791,0.950220288455583,0.531084833165026,0.711281988536363
their,0.00246119645905284,1.04181141439206,1.2919124057644,0.53079930368483,0.437476663916989
aspect,0.000190544241991187,1.76219093406593,0.794628662275721,0.527396744045825,0.470895020188425
people,0.00115120479536342,0.795471769609701,1.74270285933572,0.523759525121371,0.701471202487585
find,0.000767469863575616,1.27275483137552,1.4303315920963,0.523759525121371,0.701471202487585
taking,0.00019319068979662,0.948027999397862,1.56748667626992,0.52017213111369,0.464444403473515
top,0.00019319068979662,1.42204199909679,0.783743338134958,0.52017213111369,0.928888806947031
james,0.00019319068979662,0.790023332831552,0.195935834533739,0.52017213111369,0.464444403473515
some,0.00232887406878118,1.08789803946054,1.26779391117626,0.5178077123359,0.886138810718218
him,0.000979185688010268,1.30930353430353,1.93288052985986,0.513142777990532,0.27490087665054
production,0.000195837137602054,1.24695574695575,0.579864158957959,0.513142777990532,1.3745043832527
needed,0.000198483585407487,0.615164835164835,0.572132636838519,0.506300874283992,0.452059219380888
now,0.000600743651833327,1.16867768795082,1.32321424819481,0.501840073629507,0.149358772923201
wish,0.00020113003321292,0.455302920763447,1.69381372748246,0.499639020674992,1.33833321527237
back,0.000815105924073413,1.42306800342515,1.11454409773738,0.493150202224667,0.660476132212337
tension,0.000203776481018353,0.449389895818467,2.04333084585185,0.493150202224667,3.08222195032424
money,0.000203776481018353,2.24694947909234,0.928786748114479,0.493150202224667,0.880634842949782
slightly,0.000203776481018353,0.299593263878978,0.371514699245792,0.493150202224667,1.32095226442467
written,0.000206422928823786,0.739380811496196,0.733503380562204,0.486827763734607,0.869344652655554
series,0.000415492305453006,1.76321131098201,1.73097453820571,0.483726949952858,0.647855569176432
fact,0.000838923954322311,1.52820917253094,1.62435133487277,0.479149092382326,0.213908147972029
familiar,0.000211715824434653,0.432537774725275,0.178791449012037,0.474657069641242,1.27141655450875
say,0.000849509745544044,0.898313135462668,1.5595515801673,0.473178387181301,0.739349190576219
me,0.00148995011445887,1.27021158237855,1.27027672477469,0.472127813497505,0.361326196663232
first,0.00127823429002421,1.21791174663845,1.1253126397445,0.471708889084464,0.561564247678122
black,0.000214362272240086,1.56639194139194,0.353168294344765,0.468797105818511,0.837146702557201
only,0.00132057745491115,1.22509029047105,0.831254833082017,0.456583954765123,0.815337269424448
definitely,0.000441956783507337,0.690679081397644,1.28472897493679,0.454761264326939,0.203020607506387
does,0.00110886163047649,0.935960817225734,0.8534198043534,0.45313324070763,1.13284529916452
problem,0.000222301615656385,0.27462715855573,1.36222056390124,0.452054352039278,0.807248606037301
been,0.00156140420520556,1.11433460607189,1.6000319504806,0.450521964405247,0.976907635102767
these,0.00133910258954918,1.50447921643574,0.819755260292345,0.450267575944261,0.737053075077535
act,0.000447249679118204,1.16025911957865,1.10025507084331,0.449379474216561,0.802471987066666
them,0.00113797255633626,1.01931382570917,1.26401396510836,0.441541460131388,0.551932767848759
across,0.000227594511267252,0.93884168157424,0.99790576192765,0.441541460131388,1.18271307396163
think,0.000913024492874439,1.06985188724319,1.8656499027343,0.440261629812167,0.294821230031014
itself,0.000685429981607188,1.46962641605499,0.828377369939941,0.439836666849027,0.916336255501801
behind,0.000230240959072685,1.19320765441455,0.328811860252023,0.436466270934476,0.389706223604214
within,0.000230240959072685,1.06062902614627,0.986435580756068,0.436466270934476,1.55882489441686
ways,0.000232887406878118,0.786432317682318,1.62537680920034,0.431506426946584,1.54111097516212
because,0.00141320312810131,1.66319144338807,0.91069801743959,0.426658040126959,0.317457316980961
direction,0.000238180302488984,0.768956043956044,1.90710878946173,0.42191739523666,0.37671601615074
played,0.000238180302488984,1.02527472527473,0.635702929820577,0.42191739523666,1.13014804845222
he,0.00292697127280907,1.26189441209785,1.34497726562401,0.411998903124405,0.398515134626009
again,0.000492239291810567,1.17823909961007,1.1534932194325,0.408307156680638,1.45825554638996
over,0.00100300371825917,1.39994635970889,1.77376213267879,0.400765863549334,0.715661033320667
high,0.00025141254151615,0.607070561017929,0.903367321323978,0.399711216539993,0.356888857405964
violence,0.00025141254151615,0.728484673221515,1.2044897617653,0.399711216539993,2.85511085924772
was,0.00408082251597793,1.6381456578441,1.15947762005212,0.394008462477814,0.241860477295222
different,0.000510764426448599,1.4940855776348,1.03754623260871,0.393498088821755,0.527012043319688
kids,0.000259351884932449,1.88315765866786,0.291904406550265,0.38747515889081,0.3459636883017
someone,0.000259351884932449,1.29467089033416,2.48118745567725,0.38747515889081,0.3459636883017
being,0.00156140420520556,1.34893136524492,1.28487414205261,0.386161683775926,0.287325775030226
against,0.000261998332737883,1.04857642357642,0.577911754382343,0.383561268396963,3.08222195032424
shot,0.000264644780543316,0.922747252747253,2.00246422893482,0.379725655712994,1.35617765814266
still,0.00107181136120043,1.19615384615385,1.37735634794458,0.375037684654809,0.66971736204576
characters,0.00187633149405211,1.18759783939615,0.988522538966412,0.374905442876016,1.09986199355717
end,0.0010771042568113,1.10525623025623,1.12458503555483,0.373194747629478,0.333213183818837
making,0.000539875352308364,1.47006302521008,0.911485818492739,0.372280054620582,0.997189454516665
must,0.000269937676154182,1.24389948287007,0.98160011222295,0.372280054620582,0.332396484838888
doing,0.000275230571765048,1.66360682586644,1.23778695469872,0.365120822800955,0.978012734237499
piece,0.000275230571765048,0.665442730346577,0.41259565156624,0.365120822800955,0.978012734237499
women,0.000275230571765048,0.887256973795435,1.37531883855413,0.365120822800955,0.978012734237499
know,0.000833631058711445,1.28159340659341,0.862739690470783,0.361643481631423,0.43053258988656
way,0.00139732444126871,0.699050949050949,0.758509177626825,0.359588689122153,1.02740731677475
after,0.000849509745544044,1.11390828797371,1.51499296359109,0.354883790385975,0.31686393881838
ive,0.000283169915181348,0.862380610044161,2.67351699457252,0.354883790385975,0.633727877636759
three,0.000283169915181348,1.40136849132176,0.534703398914504,0.354883790385975,0.633727877636759
third,0.000291109258597647,1.15343406593407,0.91021101315219,0.345205141557267,0.924666585097271
sequences,0.000291109258597647,1.57286463536464,0.91021101315219,0.345205141557267,0.924666585097271
human,0.00030169504981938,1.11296269519954,0.501870734068876,0.333092680449994,1.78444428702982
power,0.000306987945430246,0.497169856006063,0.616522237972542,0.327349703200857,2.04595767392212
world,0.000926256731901605,1.61480769230769,1.26686512442815,0.32547913346828,0.48434916362238
men,0.000309634393235679,0.394336432797971,0.366751690281102,0.324551842489738,1.15912620354074
entertaining,0.000309634393235679,0.492920540997464,0.366751690281102,0.324551842489738,1.73868930531111
did,0.000624561682082225,1.3196067703483,1.39396722958538,0.321801403146605,0.287325775030226
they,0.00287404231670041,1.26389184020399,1.48828241166558,0.314689769927895,0.28097603414558
becomes,0.000325513080068278,1.40662690967569,1.27915833439506,0.308720045295117,0.551291730952303
then,0.000984478583621134,2.01540898617512,1.07659367147033,0.306230367510479,0.455704858246863
around,0.000658965503552856,1.01909837150801,0.746759465753087,0.305000526677103,1.08929932380937
overall,0.000336098871290011,0.999037379942892,0.450498139242928,0.29899657930157,0.533928211867191
go,0.000682783533801755,0.894134934832609,1.44141943389549,0.294360973420925,0.65706281886757
experience,0.000349331110317177,1.31072052947053,1.08358453946689,0.287670951297723,0.513703658387373
along,0.000365209797149776,1.25373268036312,0.621883300911434,0.275163518632604,1.96547486687343
youre,0.000381088483982375,0.560697115384615,1.09261441062912,0.263698372022912,0.941790040376851
she,0.00155346486178926,0.707387161390569,1.97371139624872,0.258756835238837,0.231035376174219
there\s,0.000423431648869305,1.80224072802198,0.983352969566205,0.237328534820621,0.423805518169583
i,0.00811665541926349,1.18464861678915,1.6555843338578,0.235239238948382,0.2432010798756
day,0.000428724544480171,1.13919413919414,0.618044515103339,0.234398552909255,0.6278600269179
old,0.00044460323131277,0.961195054945055,0.425693926219136,0.226027176019639,0.807248606037301
it\s,0.00179164516427825,1.48225648059474,0.802844911368675,0.22435784680236,0.550884573100787
doesn\t,0.000476360604977968,2.11462912087912,1.50979445832387,0.21095869761833,0.75343203230148
felt,0.000486946396199701,1.37910594839943,1.55470825227858,0.206372638974453,0.368526537538768
place,0.000492239291810567,1.30226426799007,1.845589151092,0.204153578340319,1.09369165979247
her,0.00299048602013947,0.775760964699018,1.87335465159515,0.201624241971501,0.450058957348229
takes,0.000531936008892065,0.746002132196162,1.56553706597605,0.188918236673131,1.51810931881642
having,0.000537228904502931,1.64776295133438,1.19781463377522,0.187056973257632,0.501050858919704
always,0.000568986278168129,0.804721441349348,1.59664921908424,0.176616584052555,0.946170459169301
great,0.00114326545194712,0.533997252747253,1.2250525210084,0.175798914681942,0.31393001345895
my,0.00124118402074815,0.909958644766747,1.21989901244887,0.161929917148398,0.361454599718194
throughout,0.000672197742580022,1.18068053993251,1.06993308070196,0.149498289650785,0.266964105933595
other,0.00104270043534066,1.08317412283148,1.56102178832845,0.0963770699779172,0.688415054894754
